epoch,loss,val_loss
0,0.005543978773665876,0.005940320285381245
1,0.005019531030745249,0.006162981176506117
2,0.0049321642939132325,0.009065879963493326
